Source,Target,Type,Id,Label,Weight
118,201,Directed,12078,,0.1804
118,258,Directed,12079,,0.1474
118,182,Directed,12080,,0.0332
118,152,Directed,12081,,0.0416
118,162,Directed,12082,,0.0676
47,118,Directed,12083,,0.1828
118,144,Directed,12084,,0.1231
118,263,Directed,12085,,0.1733
118,301,Directed,12086,,0.1366
118,221,Directed,12087,,0.0745
118,321,Directed,12088,,0.251
118,203,Directed,12089,,0.1788
65,118,Directed,12090,,0.18
118,306,Directed,12091,,0.1514
118,297,Directed,12092,,0.1305
118,253,Directed,12093,,0.172
118,183,Directed,12094,,0.1744
118,307,Directed,12095,,0.1508
118,169,Directed,12096,,0.164
118,216,Directed,12097,,0.0686
118,212,Directed,12098,,0.0769
118,274,Directed,12099,,0.1504
92,118,Directed,12100,,0.0611
68,118,Directed,12101,,0.1008
91,118,Directed,12102,,0.0532
118,125,Directed,12103,,0.0839
118,189,Directed,12104,,0.0379
118,305,Directed,12105,,0.1419
118,202,Directed,12106,,0.0688
118,222,Directed,12107,,0.0622
80,118,Directed,12108,,0.091
118,273,Directed,12109,,0.1001
118,250,Directed,12110,,0.1652
118,126,Directed,12111,,0.0085
118,204,Directed,12112,,0.06
118,127,Directed,12113,,0.0212
118,186,Directed,12114,,0.0471
118,148,Directed,12115,,0.0155
118,129,Directed,12116,,0.0704
76,118,Directed,12117,,0.0797
78,118,Directed,12118,,0.0298
118,163,Directed,12119,,0.0223
70,118,Directed,12120,,0.0289
114,118,Directed,12121,,0.0065
77,118,Directed,12122,,0.0195
118,261,Directed,12123,,0.0985
248,261,Directed,12124,,0.1093
201,261,Directed,12125,,0.1367
150,261,Directed,12126,,0.1396
261,311,Directed,12127,,0.109
146,261,Directed,12128,,0.14
147,261,Directed,12129,,0.1383
258,261,Directed,12130,,0.0765
112,261,Directed,12131,,0.1131
261,313,Directed,12132,,0.3292
182,261,Directed,12133,,0.0655
67,261,Directed,12134,,0.1162
219,261,Directed,12135,,0.0972
261,299,Directed,12136,,0.0907
152,261,Directed,12137,,0.1122
261,293,Directed,12138,,0.0291
162,261,Directed,12139,,0.1295
47,261,Directed,12140,,0.1894
144,261,Directed,12141,,0.1071
261,263,Directed,12142,,0.1026
261,301,Directed,12143,,0.0876
177,261,Directed,12144,,0.1152
221,261,Directed,12145,,0.0972
261,310,Directed,12146,,0.1079
232,261,Directed,12147,,0.0414
261,321,Directed,12148,,0.2098
261,296,Directed,12149,,0.0323
123,261,Directed,12150,,0.0973
172,261,Directed,12151,,0.0623
261,292,Directed,12152,,0.0442
203,261,Directed,12153,,0.1338
65,261,Directed,12154,,0.1779
167,261,Directed,12155,,0.0851
261,306,Directed,12156,,0.1047
197,261,Directed,12157,,0.1363
261,297,Directed,12158,,0.0329
246,261,Directed,12159,,0.1053
253,261,Directed,12160,,0.1064
94,261,Directed,12161,,0.1068
183,261,Directed,12162,,0.1369
261,307,Directed,12163,,0.0987
261,276,Directed,12164,,0.0487
225,261,Directed,12165,,0.0241
169,261,Directed,12166,,0.1319
216,261,Directed,12167,,0.0321
261,284,Directed,12168,,0.0815
212,261,Directed,12169,,0.1128
261,274,Directed,12170,,0.0712
189,261,Directed,12171,,0.0765
133,261,Directed,12172,,0.0806
239,261,Directed,12173,,0.0302
202,261,Directed,12174,,0.1097
218,261,Directed,12175,,0.0923
128,261,Directed,12176,,0.0844
251,261,Directed,12177,,0.1079
254,261,Directed,12178,,0.0255
261,275,Directed,12179,,0.0278
198,261,Directed,12180,,0.0455
222,261,Directed,12181,,0.072
261,308,Directed,12182,,0.0638
261,273,Directed,12183,,0.0809
240,261,Directed,12184,,0.0549
213,261,Directed,12185,,0.1213
250,261,Directed,12186,,0.0996
261,286,Directed,12187,,0.0553
261,271,Directed,12188,,0.0358
261,281,Directed,12189,,0.0495
261,267,Directed,12190,,0.0169
242,261,Directed,12191,,0.117
261,309,Directed,12192,,0.0645
206,261,Directed,12193,,0.0456
81,261,Directed,12194,,0.1239
220,261,Directed,12195,,0.0331
261,290,Directed,12196,,0.0363
261,266,Directed,12197,,0.0257
226,261,Directed,12198,,0.0271
261,270,Directed,12199,,0.0097
142,261,Directed,12200,,0.1219
241,261,Directed,12201,,0.0175
261,278,Directed,12202,,0.028
261,279,Directed,12203,,0.0229
261,291,Directed,12204,,0.0328
247,261,Directed,12205,,0.0128
261,304,Directed,12206,,0.0526
184,261,Directed,12207,,0.0738
261,280,Directed,12208,,0.0176
153,261,Directed,12209,,0.0892
257,261,Directed,12210,,0.0164
261,269,Directed,12211,,0.0127
168,261,Directed,12212,,0.0818
118,255,Directed,12213,,0.0815
255,261,Directed,12214,,0.0646
248,255,Directed,12215,,0.173
201,255,Directed,12216,,0.1969
150,255,Directed,12217,,0.086
166,255,Directed,12218,,0.1195
255,311,Directed,12219,,0.0779
146,255,Directed,12220,,0.0868
109,255,Directed,12221,,0.1078
147,255,Directed,12222,,0.0852
255,258,Directed,12223,,0.1405
112,255,Directed,12224,,0.0821
255,313,Directed,12225,,0.3924
182,255,Directed,12226,,0.0574
67,255,Directed,12227,,0.1163
219,255,Directed,12228,,0.1582
255,299,Directed,12229,,0.0523
152,255,Directed,12230,,0.0688
255,293,Directed,12231,,0.0657
162,255,Directed,12232,,0.0757
47,255,Directed,12233,,0.2336
230,255,Directed,12234,,0.0232
179,255,Directed,12235,,0.0624
144,255,Directed,12236,,0.156
255,263,Directed,12237,,0.167
255,301,Directed,12238,,0.0551
174,255,Directed,12239,,0.0659
177,255,Directed,12240,,0.0618
221,255,Directed,12241,,0.0357
176,255,Directed,12242,,0.0516
255,310,Directed,12243,,0.0756
232,255,Directed,12244,,0.0313
131,255,Directed,12245,,0.0753
255,321,Directed,12246,,0.1729
255,296,Directed,12247,,0.0672
123,255,Directed,12248,,0.0796
217,255,Directed,12249,,0.0263
172,255,Directed,12250,,0.0752
255,292,Directed,12251,,0.0458
65,255,Directed,12252,,0.2254
167,255,Directed,12253,,0.0588
255,306,Directed,12254,,0.0701
255,297,Directed,12255,,0.0816
246,255,Directed,12256,,0.1689
119,255,Directed,12257,,0.0992
253,255,Directed,12258,,0.1703
94,255,Directed,12259,,0.0906
255,288,Directed,12260,,0.0748
161,255,Directed,12261,,0.0598
159,255,Directed,12262,,0.0612
255,307,Directed,12263,,0.0692
95,255,Directed,12264,,0.0934
255,276,Directed,12265,,0.1132
225,255,Directed,12266,,0.0691
216,255,Directed,12267,,0.0633
255,284,Directed,12268,,0.0332
212,255,Directed,12269,,0.0521
92,255,Directed,12270,,0.0998
91,255,Directed,12271,,0.0968
125,255,Directed,12272,,0.1017
255,256,Directed,12273,,0.0118
189,255,Directed,12274,,0.0438
133,255,Directed,12275,,0.0936
255,305,Directed,12276,,0.0605
239,255,Directed,12277,,0.041
202,255,Directed,12278,,0.0517
218,255,Directed,12279,,0.0327
255,260,Directed,12280,,0.0234
157,255,Directed,12281,,0.0738
237,255,Directed,12282,,0.0165
222,255,Directed,12283,,0.0208
255,322,Directed,12284,,0.1767
249,255,Directed,12285,,0.0171
255,273,Directed,12286,,0.0219
255,298,Directed,12287,,0.046
240,255,Directed,12288,,0.0152
255,287,Directed,12289,,0.031
255,283,Directed,12290,,0.0453
255,286,Directed,12291,,0.0334
255,271,Directed,12292,,0.0315
192,255,Directed,12293,,0.042
255,281,Directed,12294,,0.0342
255,300,Directed,12295,,0.0564
137,255,Directed,12296,,0.0702
255,267,Directed,12297,,0.0493
127,255,Directed,12298,,0.076
234,255,Directed,12299,,0.0139
223,255,Directed,12300,,0.0196
132,255,Directed,12301,,0.0858
255,295,Directed,12302,,0.0394
215,255,Directed,12303,,0.0289
255,272,Directed,12304,,0.0163
129,255,Directed,12305,,0.0917
255,265,Directed,12306,,0.0111
255,266,Directed,12307,,0.0403
255,289,Directed,12308,,0.0334
184,255,Directed,12309,,0.1237
118,248,Directed,12310,,0.1733
201,248,Directed,12311,,0.0406
248,311,Directed,12312,,0.2091
248,258,Directed,12313,,0.0329
182,248,Directed,12314,,0.15
67,248,Directed,12315,,0.1655
248,299,Directed,12316,,0.1961
152,248,Directed,12317,,0.2042
162,248,Directed,12318,,0.227
47,248,Directed,12319,,0.1305
144,248,Directed,12320,,0.0731
248,263,Directed,12321,,0.0131
248,301,Directed,12322,,0.1914
232,248,Directed,12323,,0.1451
172,248,Directed,12324,,0.131
248,292,Directed,12325,,0.1482
203,248,Directed,12326,,0.0373
65,248,Directed,12327,,0.1133
197,248,Directed,12328,,0.041
248,253,Directed,12329,,0.0037
248,316,Directed,12330,,0.2303
94,248,Directed,12331,,0.1776
183,248,Directed,12332,,0.0483
245,248,Directed,12333,,0.0025
169,248,Directed,12334,,0.0536
248,274,Directed,12335,,0.0418
248,250,Directed,12336,,0.0097
242,248,Directed,12337,,0.0087
214,248,Directed,12338,,0.0308
248,331,Directed,12339,,0.5326
244,248,Directed,12340,,0.0048
168,248,Directed,12341,,0.08
182,201,Directed,12342,,0.1634
144,201,Directed,12343,,0.0609
201,203,Directed,12344,,0.0033
197,201,Directed,12345,,0.0011
201,253,Directed,12346,,0.0441
183,201,Directed,12347,,0.011
178,201,Directed,12348,,0.0171
185,201,Directed,12349,,0.0088
201,236,Directed,12350,,0.0278
118,150,Directed,12351,,0.073
150,248,Directed,12352,,0.236
150,201,Directed,12353,,0.2491
150,311,Directed,12354,,0.1456
146,150,Directed,12355,,0.0014
150,258,Directed,12356,,0.2065
150,182,Directed,12357,,0.0863
67,150,Directed,12358,,0.1069
150,219,Directed,12359,,0.2151
150,299,Directed,12360,,0.1227
150,152,Directed,12361,,0.0328
150,162,Directed,12362,,0.0104
47,150,Directed,12363,,0.2555
144,150,Directed,12364,,0.1945
150,263,Directed,12365,,0.2335
150,301,Directed,12366,,0.1289
150,221,Directed,12367,,0.0522
150,321,Directed,12368,,0.2158
150,292,Directed,12369,,0.1318
150,306,Directed,12370,,0.1371
150,212,Directed,12371,,0.0379
92,150,Directed,12372,,0.0264
91,150,Directed,12373,,0.0309
150,202,Directed,12374,,0.0349
150,322,Directed,12375,,0.2178
150,324,Directed,12376,,0.2193
118,166,Directed,12377,,0.089
166,261,Directed,12378,,0.077
166,248,Directed,12379,,0.0886
166,201,Directed,12380,,0.0914
150,166,Directed,12381,,0.1586
166,311,Directed,12382,,0.1832
146,166,Directed,12383,,0.1583
147,166,Directed,12384,,0.1567
166,258,Directed,12385,,0.0706
112,166,Directed,12386,,0.1121
166,313,Directed,12387,,0.3226
166,182,Directed,12388,,0.0746
67,166,Directed,12389,,0.077
166,219,Directed,12390,,0.0631
166,299,Directed,12391,,0.1618
152,166,Directed,12392,,0.1258
166,293,Directed,12393,,0.1055
162,166,Directed,12394,,0.151
47,166,Directed,12395,,0.115
144,166,Directed,12396,,0.0374
166,263,Directed,12397,,0.0919
166,301,Directed,12398,,0.1603
166,177,Directed,12399,,0.1399
166,232,Directed,12400,,0.0883
166,296,Directed,12401,,0.1085
123,166,Directed,12402,,0.0894
166,172,Directed,12403,,0.052
166,292,Directed,12404,,0.1196
166,203,Directed,12405,,0.0898
65,166,Directed,12406,,0.1059
166,167,Directed,12407,,0.0947
166,197,Directed,12408,,0.0905
166,297,Directed,12409,,0.1032
166,246,Directed,12410,,0.0847
166,253,Directed,12411,,0.0881
94,166,Directed,12412,,0.0917
166,183,Directed,12413,,0.0857
166,276,Directed,12414,,0.0766
166,225,Directed,12415,,0.056
166,169,Directed,12416,,0.0758
166,216,Directed,12417,,0.0572
166,274,Directed,12418,,0.0794
133,166,Directed,12419,,0.0481
45,166,Directed,12420,,0.0988
128,166,Directed,12421,,0.0596
166,251,Directed,12422,,0.0883
166,198,Directed,12423,,0.0431
90,166,Directed,12424,,0.0855
166,213,Directed,12425,,0.0808
166,250,Directed,12426,,0.0821
130,166,Directed,12427,,0.0749
166,242,Directed,12428,,0.0917
75,166,Directed,12429,,0.1021
140,166,Directed,12430,,0.0426
82,166,Directed,12431,,0.0551
166,206,Directed,12432,,0.0634
148,166,Directed,12433,,0.0779
51,166,Directed,12434,,0.0796
81,166,Directed,12435,,0.0472
166,175,Directed,12436,,0.0195
50,166,Directed,12437,,0.0828
106,166,Directed,12438,,0.05
41,166,Directed,12439,,0.0831
142,166,Directed,12440,,0.0564
166,184,Directed,12441,,0.0158
153,166,Directed,12442,,0.0137
166,168,Directed,12443,,0.0104
118,311,Directed,12444,,0.1594
201,311,Directed,12445,,0.2423
182,311,Directed,12446,,0.134
67,311,Directed,12447,,0.1939
152,311,Directed,12448,,0.1404
162,311,Directed,12449,,0.1369
47,311,Directed,12450,,0.2976
263,311,Directed,12451,,0.1993
301,311,Directed,12452,,0.0237
221,311,Directed,12453,,0.0966
311,321,Directed,12454,,0.1011
292,311,Directed,12455,,0.0647
203,311,Directed,12456,,0.2392
306,311,Directed,12457,,0.0086
94,311,Directed,12458,,0.1684
311,322,Directed,12459,,0.1057
287,311,Directed,12460,,0.0486
311,324,Directed,12461,,0.1021
118,146,Directed,12462,,0.0724
146,311,Directed,12463,,0.1468
146,182,Directed,12464,,0.0862
67,146,Directed,12465,,0.1061
146,299,Directed,12466,,0.1238
146,152,Directed,12467,,0.0325
146,301,Directed,12468,,0.13
146,221,Directed,12469,,0.0531
146,232,Directed,12470,,0.0987
123,146,Directed,12471,,0.0714
146,172,Directed,12472,,0.1071
146,292,Directed,12473,,0.1326
146,306,Directed,12474,,0.1383
119,146,Directed,12475,,0.0126
94,146,Directed,12476,,0.0745
146,307,Directed,12477,,0.1418
146,212,Directed,12478,,0.039
92,146,Directed,12479,,0.025
91,146,Directed,12480,,0.0296
146,189,Directed,12481,,0.0654
146,202,Directed,12482,,0.0358
80,146,Directed,12483,,0.0329
146,168,Directed,12484,,0.1686
109,118,Directed,12485,,0.0862
109,261,Directed,12486,,0.1605
109,248,Directed,12487,,0.2545
109,201,Directed,12488,,0.2655
109,150,Directed,12489,,0.0218
109,166,Directed,12490,,0.1744
109,311,Directed,12491,,0.1652
109,146,Directed,12492,,0.0211
109,147,Directed,12493,,0.0227
109,258,Directed,12494,,0.2256
109,112,Directed,12495,,0.0629
109,182,Directed,12496,,0.1045
67,109,Directed,12497,,0.1156
109,219,Directed,12498,,0.2328
109,299,Directed,12499,,0.1431
109,152,Directed,12500,,0.0503
109,293,Directed,12501,,0.1714
109,162,Directed,12502,,0.0321
47,109,Directed,12503,,0.2658
109,230,Directed,12504,,0.0851
109,179,Directed,12505,,0.0455
109,144,Directed,12506,,0.2092
109,301,Directed,12507,,0.1495
109,174,Directed,12508,,0.042
109,177,Directed,12509,,0.0464
109,221,Directed,12510,,0.0736
109,176,Directed,12511,,0.0765
109,310,Directed,12512,,0.1625
109,232,Directed,12513,,0.1193
109,131,Directed,12514,,0.056
109,321,Directed,12515,,0.23
109,203,Directed,12516,,0.2638
109,167,Directed,12517,,0.0819
109,306,Directed,12518,,0.1568
94,109,Directed,12519,,0.0863
109,161,Directed,12520,,0.0713
109,159,Directed,12521,,0.0647
109,307,Directed,12522,,0.1608
95,109,Directed,12523,,0.0398
109,212,Directed,12524,,0.0586
92,109,Directed,12525,,0.027
91,109,Directed,12526,,0.0348
109,202,Directed,12527,,0.0565
80,109,Directed,12528,,0.0128
109,273,Directed,12529,,0.1108
118,147,Directed,12530,,0.0711
147,248,Directed,12531,,0.2344
147,201,Directed,12532,,0.2472
147,150,Directed,12533,,0.002
147,311,Directed,12534,,0.1457
146,147,Directed,12535,,0.0017
147,258,Directed,12536,,0.2049
147,182,Directed,12537,,0.0845
67,147,Directed,12538,,0.105
147,219,Directed,12539,,0.2134
147,299,Directed,12540,,0.1226
147,152,Directed,12541,,0.031
147,293,Directed,12542,,0.1487
47,147,Directed,12543,,0.2535
147,301,Directed,12544,,0.1288
147,177,Directed,12545,,0.0237
147,221,Directed,12546,,0.0517
147,310,Directed,12547,,0.143
147,232,Directed,12548,,0.097
147,321,Directed,12549,,0.2166
123,147,Directed,12550,,0.07
147,172,Directed,12551,,0.1055
147,292,Directed,12552,,0.131
147,167,Directed,12553,,0.0625
147,306,Directed,12554,,0.1372
94,147,Directed,12555,,0.0733
147,307,Directed,12556,,0.1406
147,284,Directed,12557,,0.1047
147,212,Directed,12558,,0.0378
92,147,Directed,12559,,0.0251
91,147,Directed,12560,,0.0293
125,147,Directed,12561,,0.0171
147,305,Directed,12562,,0.134
147,202,Directed,12563,,0.0344
147,218,Directed,12564,,0.0528
99,147,Directed,12565,,0.0616
147,322,Directed,12566,,0.2187
80,147,Directed,12567,,0.0344
143,147,Directed,12568,,0.0055
147,273,Directed,12569,,0.0893
96,147,Directed,12570,,0.0255
147,300,Directed,12571,,0.1247
147,153,Directed,12572,,0.1684
147,324,Directed,12573,,0.2201
201,258,Directed,12574,,0.0662
182,258,Directed,12575,,0.1214
152,258,Directed,12576,,0.1754
47,258,Directed,12577,,0.1437
144,258,Directed,12578,,0.0702
258,263,Directed,12579,,0.0271
203,258,Directed,12580,,0.0629
258,297,Directed,12581,,0.0784
253,258,Directed,12582,,0.0299
183,258,Directed,12583,,0.0701
169,258,Directed,12584,,0.0701
216,258,Directed,12585,,0.0862
258,274,Directed,12586,,0.0137
250,258,Directed,12587,,0.0232
258,264,Directed,12588,,0.0151
112,118,Directed,12589,,0.0233
112,248,Directed,12590,,0.1952
112,201,Directed,12591,,0.2035
112,150,Directed,12592,,0.051
112,311,Directed,12593,,0.1577
112,146,Directed,12594,,0.0502
112,147,Directed,12595,,0.049
112,258,Directed,12596,,0.1684
112,182,Directed,12597,,0.0487
67,112,Directed,12598,,0.0563
112,219,Directed,12599,,0.1723
112,299,Directed,12600,,0.1321
112,152,Directed,12601,,0.0229
112,293,Directed,12602,,0.1319
112,162,Directed,12603,,0.047
47,112,Directed,12604,,0.2046
112,144,Directed,12605,,0.1464
112,263,Directed,12606,,0.1947
112,301,Directed,12607,,0.1362
112,177,Directed,12608,,0.0434
112,221,Directed,12609,,0.0649
112,310,Directed,12610,,0.1552
112,232,Directed,12611,,0.0764
112,296,Directed,12612,,0.1346
112,123,Directed,12613,,0.0228
112,172,Directed,12614,,0.0643
112,292,Directed,12615,,0.122
112,203,Directed,12616,,0.2019
65,112,Directed,12617,,0.2025
112,167,Directed,12618,,0.0282
112,306,Directed,12619,,0.1493
112,253,Directed,12620,,0.1938
94,112,Directed,12621,,0.0242
112,307,Directed,12622,,0.15
112,212,Directed,12623,,0.0626
92,112,Directed,12624,,0.0379
91,112,Directed,12625,,0.0302
112,125,Directed,12626,,0.0609
112,189,Directed,12627,,0.0405
112,305,Directed,12628,,0.1417
112,202,Directed,12629,,0.0545
99,112,Directed,12630,,0.0128
112,157,Directed,12631,,0.0387
90,112,Directed,12632,,0.0317
112,126,Directed,12633,,0.0159
112,136,Directed,12634,,0.0503
112,137,Directed,12635,,0.0151
71,112,Directed,12636,,0.0326
100,112,Directed,12637,,0.0083
84,112,Directed,12638,,0.0131
70,112,Directed,12639,,0.0267
118,313,Directed,12640,,0.4076
248,313,Directed,12641,,0.2347
201,313,Directed,12642,,0.2389
258,313,Directed,12643,,0.2609
182,313,Directed,12644,,0.3823
67,313,Directed,12645,,0.3992
219,313,Directed,12646,,0.2595
47,313,Directed,12647,,0.3086
263,313,Directed,12648,,0.2344
246,313,Directed,12649,,0.2387
313,316,Directed,12650,,0.0086
312,313,Directed,12651,,0.0096
313,329,Directed,12652,,0.3011
313,318,Directed,12653,,0.0179
313,319,Directed,12654,,0.0212
313,314,Directed,12655,,0.0045
313,331,Directed,12656,,0.3468
313,317,Directed,12657,,0.0071
313,326,Directed,12658,,0.0736
313,315,Directed,12659,,0.0072
182,301,Directed,12660,,0.1105
182,216,Directed,12661,,0.0373
182,274,Directed,12662,,0.1225
92,182,Directed,12663,,0.0837
182,222,Directed,12664,,0.0429
106,182,Directed,12665,,0.0465
160,182,Directed,12666,,0.0122
182,196,Directed,12667,,0.0133
67,118,Directed,12668,,0.0388
67,201,Directed,12669,,0.1639
67,258,Directed,12670,,0.1454
67,182,Directed,12671,,0.0604
67,152,Directed,12672,,0.0783
67,162,Directed,12673,,0.1033
47,67,Directed,12674,,0.1502
67,144,Directed,12675,,0.1033
67,263,Directed,12676,,0.1685
67,301,Directed,12677,,0.1705
67,292,Directed,12678,,0.1431
67,203,Directed,12679,,0.163
65,67,Directed,12680,,0.1498
67,197,Directed,12681,,0.1629
67,246,Directed,12682,,0.1617
67,253,Directed,12683,,0.1651
67,183,Directed,12684,,0.1562
67,307,Directed,12685,,0.1847
67,274,Directed,12686,,0.1518
67,189,Directed,12687,,0.0745
67,133,Directed,12688,,0.0368
67,76,Directed,12689,,0.0508
67,78,Directed,12690,,0.01
43,67,Directed,12691,,0.0364
118,219,Directed,12692,,0.1498
219,248,Directed,12693,,0.0263
201,219,Directed,12694,,0.0395
219,258,Directed,12695,,0.0299
182,219,Directed,12696,,0.1288
67,219,Directed,12697,,0.1399
219,299,Directed,12698,,0.1873
152,219,Directed,12699,,0.1828
162,219,Directed,12700,,0.2065
47,219,Directed,12701,,0.1144
144,219,Directed,12702,,0.0477
219,263,Directed,12703,,0.0336
219,301,Directed,12704,,0.1834
219,232,Directed,12705,,0.1286
123,219,Directed,12706,,0.1499
172,219,Directed,12707,,0.1085
203,219,Directed,12708,,0.0366
65,219,Directed,12709,,0.0984
197,219,Directed,12710,,0.0392
219,297,Directed,12711,,0.1056
219,246,Directed,12712,,0.023
219,253,Directed,12713,,0.0268
94,219,Directed,12714,,0.1535
183,219,Directed,12715,,0.0412
169,219,Directed,12716,,0.0402
219,274,Directed,12717,,0.0436
133,219,Directed,12718,,0.1101
219,250,Directed,12719,,0.0227
118,299,Directed,12720,,0.1337
201,299,Directed,12721,,0.2268
299,311,Directed,12722,,0.0257
258,299,Directed,12723,,0.1635
182,299,Directed,12724,,0.1088
67,299,Directed,12725,,0.1685
152,299,Directed,12726,,0.1153
162,299,Directed,12727,,0.1136
144,299,Directed,12728,,0.1958
299,301,Directed,12729,,0.0076
221,299,Directed,12730,,0.0722
232,299,Directed,12731,,0.0771
299,321,Directed,12732,,0.1232
123,299,Directed,12733,,0.1317
292,299,Directed,12734,,0.048
299,306,Directed,12735,,0.0178
94,299,Directed,12736,,0.1427
299,307,Directed,12737,,0.0182
92,299,Directed,12738,,0.1427
125,299,Directed,12739,,0.1366
299,305,Directed,12740,,0.0118
299,322,Directed,12741,,0.1274
273,299,Directed,12742,,0.0353
287,299,Directed,12743,,0.0244
286,299,Directed,12744,,0.0357
152,201,Directed,12745,,0.2163
152,182,Directed,12746,,0.0542
47,152,Directed,12747,,0.2244
152,263,Directed,12748,,0.2023
152,301,Directed,12749,,0.1202
152,221,Directed,12750,,0.0447
152,297,Directed,12751,,0.14
152,183,Directed,12752,,0.2114
152,307,Directed,12753,,0.1335
92,152,Directed,12754,,0.0326
91,152,Directed,12755,,0.0283
125,152,Directed,12756,,0.0463
152,189,Directed,12757,,0.0357
152,305,Directed,12758,,0.1257
152,202,Directed,12759,,0.0321
152,222,Directed,12760,,0.0486
80,152,Directed,12761,,0.0588
126,152,Directed,12762,,0.0331
127,152,Directed,12763,,0.021
152,215,Directed,12764,,0.04
129,152,Directed,12765,,0.0327
152,156,Directed,12766,,0.0277
118,293,Directed,12767,,0.1207
248,293,Directed,12768,,0.1233
201,293,Directed,12769,,0.1558
293,311,Directed,12770,,0.0865
146,293,Directed,12771,,0.1503
258,293,Directed,12772,,0.0911
182,293,Directed,12773,,0.0876
67,293,Directed,12774,,0.1428
219,293,Directed,12775,,0.1165
293,299,Directed,12776,,0.073
152,293,Directed,12777,,0.1265
162,293,Directed,12778,,0.1393
47,293,Directed,12779,,0.216
144,293,Directed,12780,,0.1335
263,293,Directed,12781,,0.1143
293,301,Directed,12782,,0.0681
293,296,Directed,12783,,0.0032
172,293,Directed,12784,,0.0891
292,293,Directed,12785,,0.0259
203,293,Directed,12786,,0.1527
65,293,Directed,12787,,0.2037
167,293,Directed,12788,,0.1038
293,306,Directed,12789,,0.0838
293,297,Directed,12790,,0.0165
246,293,Directed,12791,,0.1198
253,293,Directed,12792,,0.12
183,293,Directed,12793,,0.1575
293,307,Directed,12794,,0.0766
225,293,Directed,12795,,0.053
216,293,Directed,12796,,0.0595
284,293,Directed,12797,,0.0698
274,293,Directed,12798,,0.082
133,293,Directed,12799,,0.1082
293,305,Directed,12800,,0.0696
286,293,Directed,12801,,0.0419
281,293,Directed,12802,,0.0368
293,309,Directed,12803,,0.0393
290,293,Directed,12804,,0.0172
142,293,Directed,12805,,0.1469
162,201,Directed,12806,,0.241
147,162,Directed,12807,,0.0095
162,258,Directed,12808,,0.1971
162,182,Directed,12809,,0.0777
152,162,Directed,12810,,0.0261
144,162,Directed,12811,,0.1873
162,301,Directed,12812,,0.1196
162,221,Directed,12813,,0.0423
162,321,Directed,12814,,0.2101
162,307,Directed,12815,,0.1317
92,162,Directed,12816,,0.0312
91,162,Directed,12817,,0.0334
125,162,Directed,12818,,0.0263
162,305,Directed,12819,,0.1249
162,202,Directed,12820,,0.025
80,162,Directed,12821,,0.044
162,273,Directed,12822,,0.08
47,201,Directed,12823,,0.0938
47,182,Directed,12824,,0.1826
47,144,Directed,12825,,0.0825
47,203,Directed,12826,,0.0963
47,253,Directed,12827,,0.1334
47,183,Directed,12828,,0.0836
47,56,Directed,12829,,0.0122
47,74,Directed,12830,,0.031
47,86,Directed,12831,,0.0555
118,230,Directed,12832,,0.0737
230,261,Directed,12833,,0.0849
230,248,Directed,12834,,0.1911
201,230,Directed,12835,,0.2122
150,230,Directed,12836,,0.0634
166,230,Directed,12837,,0.1295
230,311,Directed,12838,,0.0901
146,230,Directed,12839,,0.0642
147,230,Directed,12840,,0.0627
230,258,Directed,12841,,0.1591
112,230,Directed,12842,,0.068
182,230,Directed,12843,,0.0586
67,230,Directed,12844,,0.1115
219,230,Directed,12845,,0.1744
230,299,Directed,12846,,0.0648
152,230,Directed,12847,,0.0505
230,293,Directed,12848,,0.0887
162,230,Directed,12849,,0.0532
47,230,Directed,12850,,0.2408
179,230,Directed,12851,,0.0401
230,263,Directed,12852,,0.186
230,301,Directed,12853,,0.0697
177,230,Directed,12854,,0.0398
221,230,Directed,12855,,0.0127
176,230,Directed,12856,,0.0412
230,310,Directed,12857,,0.0875
230,232,Directed,12858,,0.046
230,321,Directed,12859,,0.1774
172,230,Directed,12860,,0.0802
230,292,Directed,12861,,0.0688
167,230,Directed,12862,,0.0509
230,306,Directed,12863,,0.0816
230,297,Directed,12864,,0.1044
94,230,Directed,12865,,0.0819
161,230,Directed,12866,,0.0478
159,230,Directed,12867,,0.0468
230,307,Directed,12868,,0.083
230,284,Directed,12869,,0.0453
212,230,Directed,12870,,0.029
92,230,Directed,12871,,0.0793
91,230,Directed,12872,,0.0773
125,230,Directed,12873,,0.0789
189,230,Directed,12874,,0.0374
230,305,Directed,12875,,0.0751
230,239,Directed,12876,,0.0576
202,230,Directed,12877,,0.0287
218,230,Directed,12878,,0.0099
157,230,Directed,12879,,0.0521
230,237,Directed,12880,,0.0071
222,230,Directed,12881,,0.0165
143,230,Directed,12882,,0.0666
230,273,Directed,12883,,0.0295
230,298,Directed,12884,,0.0577
230,240,Directed,12885,,0.0301
230,287,Directed,12886,,0.0491
230,286,Directed,12887,,0.0553
230,281,Directed,12888,,0.0569
230,300,Directed,12889,,0.068
204,230,Directed,12890,,0.0208
230,252,Directed,12891,,0.0179
186,230,Directed,12892,,0.0304
230,295,Directed,12893,,0.0532
215,230,Directed,12894,,0.0141
230,272,Directed,12895,,0.0393
230,235,Directed,12896,,0.0108
230,243,Directed,12897,,0.0179
230,238,Directed,12898,,0.0174
227,230,Directed,12899,,0.017
118,179,Directed,12900,,0.0628
179,261,Directed,12901,,0.1167
150,179,Directed,12902,,0.0238
179,311,Directed,12903,,0.1259
146,179,Directed,12904,,0.0244
147,179,Directed,12905,,0.0229
112,179,Directed,12906,,0.0454
179,182,Directed,12907,,0.0678
67,179,Directed,12908,,0.1005
179,299,Directed,12909,,0.1019
152,179,Directed,12910,,0.0225
179,293,Directed,12911,,0.126
162,179,Directed,12912,,0.0134
179,301,Directed,12913,,0.1077
179,221,Directed,12914,,0.0299
179,310,Directed,12915,,0.1232
179,232,Directed,12916,,0.0753
123,179,Directed,12917,,0.0613
172,179,Directed,12918,,0.0901
179,292,Directed,12919,,0.1082
167,179,Directed,12920,,0.0478
179,306,Directed,12921,,0.1173
94,179,Directed,12922,,0.0677
179,307,Directed,12923,,0.1201
92,179,Directed,12924,,0.0409
91,179,Directed,12925,,0.0408
125,179,Directed,12926,,0.0396
179,189,Directed,12927,,0.0448
179,218,Directed,12928,,0.0302
144,182,Directed,12929,,0.1118
144,253,Directed,12930,,0.0742
144,183,Directed,12931,,0.0529
144,216,Directed,12932,,0.0929
144,274,Directed,12933,,0.083
86,144,Directed,12934,,0.0286
104,144,Directed,12935,,0.0206
201,263,Directed,12936,,0.0536
182,263,Directed,12937,,0.1482
47,263,Directed,12938,,0.1429
144,263,Directed,12939,,0.0813
203,263,Directed,12940,,0.0504
253,263,Directed,12941,,0.0097
183,263,Directed,12942,,0.0613
250,263,Directed,12943,,0.0109
118,174,Directed,12944,,0.0632
174,261,Directed,12945,,0.1198
174,248,Directed,12946,,0.2183
174,201,Directed,12947,,0.2332
150,174,Directed,12948,,0.0203
166,174,Directed,12949,,0.1438
174,311,Directed,12950,,0.1291
146,174,Directed,12951,,0.0209
147,174,Directed,12952,,0.0193
174,258,Directed,12953,,0.1882
112,174,Directed,12954,,0.0448
174,182,Directed,12955,,0.0698
67,174,Directed,12956,,0.1004
174,219,Directed,12957,,0.1982
174,299,Directed,12958,,0.1053
152,174,Directed,12959,,0.0221
174,293,Directed,12960,,0.1294
162,174,Directed,12961,,0.0099
174,230,Directed,12962,,0.0436
174,301,Directed,12963,,0.1111
174,221,Directed,12964,,0.0333
174,176,Directed,12965,,0.0407
174,310,Directed,12966,,0.1264
131,174,Directed,12967,,0.034
174,321,Directed,12968,,0.2054
172,174,Directed,12969,,0.0919
174,292,Directed,12970,,0.1117
167,174,Directed,12971,,0.0493
174,306,Directed,12972,,0.1206
161,174,Directed,12973,,0.039
159,174,Directed,12974,,0.0327
174,307,Directed,12975,,0.1234
174,284,Directed,12976,,0.0867
174,212,Directed,12977,,0.0219
92,174,Directed,12978,,0.0377
91,174,Directed,12979,,0.038
125,174,Directed,12980,,0.0362
174,305,Directed,12981,,0.1164
174,202,Directed,12982,,0.0162
174,218,Directed,12983,,0.0338
143,174,Directed,12984,,0.0239
174,273,Directed,12985,,0.0712
174,204,Directed,12986,,0.0243
89,174,Directed,12987,,0.0386
118,177,Directed,12988,,0.0606
177,248,Directed,12989,,0.2139
177,201,Directed,12990,,0.229
150,177,Directed,12991,,0.0247
177,311,Directed,12992,,0.1264
146,177,Directed,12993,,0.0253
177,258,Directed,12994,,0.1837
177,182,Directed,12995,,0.0657
67,177,Directed,12996,,0.0983
177,299,Directed,12997,,0.1023
152,177,Directed,12998,,0.0204
177,293,Directed,12999,,0.125
162,177,Directed,13000,,0.0144
47,177,Directed,13001,,0.2424
177,179,Directed,13002,,0.0022
144,177,Directed,13003,,0.1767
177,263,Directed,13004,,0.2108
177,301,Directed,13005,,0.1079
174,177,Directed,13006,,0.0046
177,321,Directed,13007,,0.2044
177,292,Directed,13008,,0.1075
177,212,Directed,13009,,0.0206
91,177,Directed,13010,,0.0399
125,177,Directed,13011,,0.0406
177,202,Directed,13012,,0.0137
157,177,Directed,13013,,0.0125
80,177,Directed,13014,,0.0579
177,273,Directed,13015,,0.0678
96,177,Directed,13016,,0.0489
177,204,Directed,13017,,0.02
141,177,Directed,13018,,0.0183
182,221,Directed,13019,,0.065
221,301,Directed,13020,,0.0779
221,321,Directed,13021,,0.1789
221,307,Directed,13022,,0.0905
92,221,Directed,13023,,0.0704
91,221,Directed,13024,,0.0694
221,305,Directed,13025,,0.0832
202,221,Directed,13026,,0.0173
221,322,Directed,13027,,0.1818
221,273,Directed,13028,,0.0379
129,221,Directed,13029,,0.0589
118,176,Directed,13030,,0.0325
176,261,Directed,13031,,0.0862
176,248,Directed,13032,,0.1786
176,201,Directed,13033,,0.1925
150,176,Directed,13034,,0.0574
166,176,Directed,13035,,0.1032
176,311,Directed,13036,,0.1285
146,176,Directed,13037,,0.0574
147,176,Directed,13038,,0.0558
176,258,Directed,13039,,0.1493
112,176,Directed,13040,,0.031
176,182,Directed,13041,,0.0291
67,176,Directed,13042,,0.0708
176,219,Directed,13043,,0.1579
176,299,Directed,13044,,0.1028
152,176,Directed,13045,,0.0265
162,176,Directed,13046,,0.0486
47,176,Directed,13047,,0.2078
176,179,Directed,13048,,0.0388
144,176,Directed,13049,,0.1401
176,263,Directed,13050,,0.1762
176,301,Directed,13051,,0.1064
176,221,Directed,13052,,0.0426
176,310,Directed,13053,,0.1261
176,232,Directed,13054,,0.0468
176,296,Directed,13055,,0.1048
172,176,Directed,13056,,0.0513
176,292,Directed,13057,,0.0911
65,176,Directed,13058,,0.2031
167,176,Directed,13059,,0.0105
176,306,Directed,13060,,0.1204
94,176,Directed,13061,,0.0408
176,307,Directed,13062,,0.1204
176,284,Directed,13063,,0.0831
176,212,Directed,13064,,0.0478
92,176,Directed,13065,,0.0584
91,176,Directed,13066,,0.0527
176,189,Directed,13067,,0.01
176,305,Directed,13068,,0.1118
176,239,Directed,13069,,0.0564
176,202,Directed,13070,,0.0402
176,218,Directed,13071,,0.0371
99,176,Directed,13072,,0.037
176,222,Directed,13073,,0.0311
80,176,Directed,13074,,0.0853
176,271,Directed,13075,,0.0701
176,192,Directed,13076,,0.0096
126,176,Directed,13077,,0.0268
137,176,Directed,13078,,0.0187
118,310,Directed,13079,,0.157
150,310,Directed,13080,,0.1429
310,311,Directed,13081,,0.0027
146,310,Directed,13082,,0.1441
182,310,Directed,13083,,0.1319
67,310,Directed,13084,,0.1917
299,310,Directed,13085,,0.0234
152,310,Directed,13086,,0.1378
293,310,Directed,13087,,0.086
162,310,Directed,13088,,0.1342
301,310,Directed,13089,,0.0219
177,310,Directed,13090,,0.1238
221,310,Directed,13091,,0.094
232,310,Directed,13092,,0.0994
123,310,Directed,13093,,0.1551
292,310,Directed,13094,,0.0637
167,310,Directed,13095,,0.1341
306,310,Directed,13096,,0.0059
94,310,Directed,13097,,0.1661
307,310,Directed,13098,,0.0094
143,310,Directed,13099,,0.1452
302,310,Directed,13100,,0.0218
118,232,Directed,13101,,0.067
201,232,Directed,13102,,0.1667
232,311,Directed,13103,,0.1013
232,258,Directed,13104,,0.1133
182,232,Directed,13105,,0.0355
67,232,Directed,13106,,0.0954
152,232,Directed,13107,,0.0719
162,232,Directed,13108,,0.0881
47,232,Directed,13109,,0.2028
232,301,Directed,13110,,0.0775
232,292,Directed,13111,,0.0483
232,297,Directed,13112,,0.0681
94,232,Directed,13113,,0.0762
232,307,Directed,13114,,0.0915
225,232,Directed,13115,,0.0389
216,232,Directed,13116,,0.032
189,232,Directed,13117,,0.0369
133,232,Directed,13118,,0.0669
222,232,Directed,13119,,0.0314
232,285,Directed,13120,,0.047
118,131,Directed,13121,,0.0313
131,261,Directed,13122,,0.1123
131,248,Directed,13123,,0.1993
131,201,Directed,13124,,0.2095
131,150,Directed,13125,,0.0418
131,166,Directed,13126,,0.1183
131,311,Directed,13127,,0.1494
131,146,Directed,13128,,0.0412
131,147,Directed,13129,,0.0398
131,258,Directed,13130,,0.1715
112,131,Directed,13131,,0.0108
131,182,Directed,13132,,0.0502
67,131,Directed,13133,,0.0667
131,219,Directed,13134,,0.1771
131,299,Directed,13135,,0.124
131,152,Directed,13136,,0.0121
131,293,Directed,13137,,0.129
131,162,Directed,13138,,0.0368
47,131,Directed,13139,,0.2139
131,230,Directed,13140,,0.0594
131,179,Directed,13141,,0.0346
131,301,Directed,13142,,0.1284
131,177,Directed,13143,,0.0325
131,221,Directed,13144,,0.0552
131,176,Directed,13145,,0.0267
131,310,Directed,13146,,0.1469
123,131,Directed,13147,,0.0302
131,172,Directed,13148,,0.0685
131,292,Directed,13149,,0.1172
131,167,Directed,13150,,0.0278
131,306,Directed,13151,,0.141
94,131,Directed,13152,,0.0341
131,307,Directed,13153,,0.1421
125,131,Directed,13154,,0.0532
131,189,Directed,13155,,0.0367
131,305,Directed,13156,,0.1339
131,153,Directed,13157,,0.1295
182,321,Directed,13158,,0.2303
301,321,Directed,13159,,0.124
321,322,Directed,13160,,0.0054
321,325,Directed,13161,,0.0094
118,296,Directed,13162,,0.1237
150,296,Directed,13163,,0.1517
296,311,Directed,13164,,0.0848
258,296,Directed,13165,,0.0926
182,296,Directed,13166,,0.0905
67,296,Directed,13167,,0.146
232,296,Directed,13168,,0.0582
123,296,Directed,13169,,0.1222
292,296,Directed,13170,,0.0258
296,297,Directed,13171,,0.0162
225,296,Directed,13172,,0.0562
216,296,Directed,13173,,0.0627
275,296,Directed,13174,,0.0415
296,308,Directed,13175,,0.0349
123,182,Directed,13176,,0.0319
67,123,Directed,13177,,0.0406
123,152,Directed,13178,,0.0403
47,123,Directed,13179,,0.1841
123,301,Directed,13180,,0.1347
123,307,Directed,13181,,0.1489
123,273,Directed,13182,,0.0981
123,163,Directed,13183,,0.021
123,302,Directed,13184,,0.1351
118,217,Directed,13185,,0.0562
217,261,Directed,13186,,0.0611
217,248,Directed,13187,,0.1628
201,217,Directed,13188,,0.1823
166,217,Directed,13189,,0.0991
217,311,Directed,13190,,0.1039
146,217,Directed,13191,,0.079
109,217,Directed,13192,,0.0997
147,217,Directed,13193,,0.0773
217,258,Directed,13194,,0.1315
112,217,Directed,13195,,0.0606
182,217,Directed,13196,,0.0313
67,217,Directed,13197,,0.09
217,219,Directed,13198,,0.145
217,299,Directed,13199,,0.0784
152,217,Directed,13200,,0.0531
217,293,Directed,13201,,0.0734
162,217,Directed,13202,,0.0684
217,230,Directed,13203,,0.0305
179,217,Directed,13204,,0.0556
217,263,Directed,13205,,0.1586
217,301,Directed,13206,,0.0807
174,217,Directed,13207,,0.0587
217,221,Directed,13208,,0.0403
176,217,Directed,13209,,0.0297
217,310,Directed,13210,,0.1017
217,232,Directed,13211,,0.0197
131,217,Directed,13212,,0.0562
217,321,Directed,13213,,0.1991
217,296,Directed,13214,,0.0758
123,217,Directed,13215,,0.0544
172,217,Directed,13216,,0.0509
217,292,Directed,13217,,0.0614
167,217,Directed,13218,,0.0344
217,306,Directed,13219,,0.0963
217,297,Directed,13220,,0.087
94,217,Directed,13221,,0.0655
159,217,Directed,13222,,0.0417
217,307,Directed,13223,,0.095
217,284,Directed,13224,,0.0595
212,217,Directed,13225,,0.0539
189,217,Directed,13226,,0.0202
217,239,Directed,13227,,0.0312
202,217,Directed,13228,,0.0495
217,218,Directed,13229,,0.0344
217,222,Directed,13230,,0.014
217,240,Directed,13231,,0.0142
217,283,Directed,13232,,0.058
217,286,Directed,13233,,0.0541
217,271,Directed,13234,,0.0404
192,217,Directed,13235,,0.0211
126,217,Directed,13236,,0.0533
217,281,Directed,13237,,0.0525
118,172,Directed,13238,,0.0431
172,201,Directed,13239,,0.1417
172,258,Directed,13240,,0.1044
172,182,Directed,13241,,0.0228
67,172,Directed,13242,,0.054
172,299,Directed,13243,,0.1243
152,172,Directed,13244,,0.0747
162,172,Directed,13245,,0.0994
47,172,Directed,13246,,0.1606
144,172,Directed,13247,,0.089
172,263,Directed,13248,,0.1305
172,232,Directed,13249,,0.0472
123,172,Directed,13250,,0.0427
94,172,Directed,13251,,0.0492
172,225,Directed,13252,,0.0401
172,216,Directed,13253,,0.0302
133,172,Directed,13254,,0.0201
142,172,Directed,13255,,0.1083
118,292,Directed,13256,,0.1151
201,292,Directed,13257,,0.179
182,292,Directed,13258,,0.0837
152,292,Directed,13259,,0.1126
162,292,Directed,13260,,0.1215
144,292,Directed,13261,,0.1512
292,301,Directed,13262,,0.0439
292,297,Directed,13263,,0.042
182,203,Directed,13264,,0.1613
144,203,Directed,13265,,0.0603
203,253,Directed,13266,,0.0408
183,203,Directed,13267,,0.0129
203,251,Directed,13268,,0.039
65,201,Directed,13269,,0.0761
65,258,Directed,13270,,0.128
47,65,Directed,13271,,0.0178
65,144,Directed,13272,,0.0709
65,263,Directed,13273,,0.1259
65,203,Directed,13274,,0.0787
65,253,Directed,13275,,0.1163
65,183,Directed,13276,,0.066
65,169,Directed,13277,,0.06
59,65,Directed,13278,,0.0189
56,65,Directed,13279,,0.0141
65,74,Directed,13280,,0.0147
54,65,Directed,13281,,0.0301
65,66,Directed,13282,,0.0068
262,293,Directed,13283,,0.0285
262,296,Directed,13284,,0.0316
262,292,Directed,13285,,0.0433
262,297,Directed,13286,,0.0327
262,276,Directed,13287,,0.0495
225,262,Directed,13288,,0.0246
216,262,Directed,13289,,0.0324
239,262,Directed,13290,,0.0297
254,262,Directed,13291,,0.0265
262,275,Directed,13292,,0.0286
118,167,Directed,13293,,0.0231
167,248,Directed,13294,,0.1726
167,201,Directed,13295,,0.1848
150,167,Directed,13296,,0.0643
167,311,Directed,13297,,0.1365
146,167,Directed,13298,,0.0641
167,258,Directed,13299,,0.1441
167,182,Directed,13300,,0.0227
67,167,Directed,13301,,0.0607
167,219,Directed,13302,,0.151
167,299,Directed,13303,,0.1108
152,167,Directed,13304,,0.0318
162,167,Directed,13305,,0.0563
167,301,Directed,13306,,0.1138
167,232,Directed,13307,,0.0484
123,167,Directed,13308,,0.0211
167,172,Directed,13309,,0.0431
167,292,Directed,13310,,0.0951
167,307,Directed,13311,,0.128
167,189,Directed,13312,,0.015
167,302,Directed,13313,,0.1143
182,306,Directed,13314,,0.1266
152,306,Directed,13315,,0.1319
162,306,Directed,13316,,0.1284
301,306,Directed,13317,,0.0175
221,306,Directed,13318,,0.088
306,307,Directed,13319,,0.0086
118,197,Directed,13320,,0.1795
197,258,Directed,13321,,0.0662
47,197,Directed,13322,,0.0929
144,197,Directed,13323,,0.0599
197,263,Directed,13324,,0.0541
65,197,Directed,13325,,0.0752
197,246,Directed,13326,,0.0422
197,253,Directed,13327,,0.0445
183,197,Directed,13328,,0.0099
169,197,Directed,13329,,0.0211
197,250,Directed,13330,,0.0472
182,297,Directed,13331,,0.0973
144,297,Directed,13332,,0.1276
118,246,Directed,13333,,0.1691
201,246,Directed,13334,,0.0419
246,258,Directed,13335,,0.029
182,246,Directed,13336,,0.1458
47,246,Directed,13337,,0.1301
144,246,Directed,13338,,0.0704
246,263,Directed,13339,,0.0128
203,246,Directed,13340,,0.0386
65,246,Directed,13341,,0.1131
246,253,Directed,13342,,0.0039
183,246,Directed,13343,,0.0489
169,246,Directed,13344,,0.0532
246,250,Directed,13345,,0.0059
118,233,Directed,13346,,0.1161
233,261,Directed,13347,,0.0529
233,255,Directed,13348,,0.1138
233,248,Directed,13349,,0.0609
201,233,Directed,13350,,0.0839
166,233,Directed,13351,,0.0461
233,258,Directed,13352,,0.0315
182,233,Directed,13353,,0.0901
67,233,Directed,13354,,0.1163
219,233,Directed,13355,,0.0446
152,233,Directed,13356,,0.1441
233,293,Directed,13357,,0.075
144,233,Directed,13358,,0.0613
233,263,Directed,13359,,0.0581
176,233,Directed,13360,,0.1182
233,296,Directed,13361,,0.0773
233,262,Directed,13362,,0.0539
233,276,Directed,13363,,0.0309
233,274,Directed,13364,,0.0355
233,254,Directed,13365,,0.0277
233,275,Directed,13366,,0.0372
229,233,Directed,13367,,0.0251
142,233,Directed,13368,,0.0724
118,119,Directed,13369,,0.0775
119,261,Directed,13370,,0.1511
119,150,Directed,13371,,0.0136
119,311,Directed,13372,,0.159
109,119,Directed,13373,,0.0095
119,147,Directed,13374,,0.0141
112,119,Directed,13375,,0.0544
119,182,Directed,13376,,0.095
67,119,Directed,13377,,0.1082
119,299,Directed,13378,,0.1363
119,152,Directed,13379,,0.0408
119,162,Directed,13380,,0.0236
119,230,Directed,13381,,0.0768
119,179,Directed,13382,,0.0368
119,301,Directed,13383,,0.1425
119,174,Directed,13384,,0.0333
119,177,Directed,13385,,0.0375
119,221,Directed,13386,,0.0657
119,176,Directed,13387,,0.067
119,310,Directed,13388,,0.1563
119,131,Directed,13389,,0.047
119,321,Directed,13390,,0.2271
119,217,Directed,13391,,0.0904
119,306,Directed,13392,,0.1505
95,119,Directed,13393,,0.0323
92,119,Directed,13394,,0.0207
91,119,Directed,13395,,0.0278
182,253,Directed,13396,,0.1483
245,253,Directed,13397,,0.0056
201,316,Directed,13398,,0.2359
47,316,Directed,13399,,0.3074
314,316,Directed,13400,,0.0042
94,118,Directed,13401,,0.0093
94,201,Directed,13402,,0.1827
94,258,Directed,13403,,0.1528
94,182,Directed,13404,,0.042
67,94,Directed,13405,,0.0327
94,152,Directed,13406,,0.0456
94,162,Directed,13407,,0.0709
47,94,Directed,13408,,0.1804
94,263,Directed,13409,,0.1782
94,301,Directed,13410,,0.1457
90,94,Directed,13411,,0.0075
77,94,Directed,13412,,0.0104
118,288,Directed,13413,,0.1222
261,288,Directed,13414,,0.025
166,288,Directed,13415,,0.0977
258,288,Directed,13416,,0.0788
152,288,Directed,13417,,0.1319
288,293,Directed,13418,,0.0124
162,288,Directed,13419,,0.1465
230,288,Directed,13420,,0.0974
232,288,Directed,13421,,0.06
288,296,Directed,13422,,0.0138
203,288,Directed,13423,,0.1407
262,288,Directed,13424,,0.0248
288,297,Directed,13425,,0.0083
276,288,Directed,13426,,0.0465
254,288,Directed,13427,,0.0384
275,288,Directed,13428,,0.0278
288,308,Directed,13429,,0.0389
118,161,Directed,13430,,0.0273
161,261,Directed,13431,,0.0936
161,248,Directed,13432,,0.1832
146,161,Directed,13433,,0.0533
147,161,Directed,13434,,0.0517
112,161,Directed,13435,,0.0225
161,182,Directed,13436,,0.0332
67,161,Directed,13437,,0.0661
161,299,Directed,13438,,0.1106
152,161,Directed,13439,,0.0211
161,162,Directed,13440,,0.0457
161,179,Directed,13441,,0.0378
161,301,Directed,13442,,0.1143
161,167,Directed,13443,,0.0108
161,189,Directed,13444,,0.0183
99,161,Directed,13445,,0.0293
126,161,Directed,13446,,0.0203
137,161,Directed,13447,,0.0114
100,161,Directed,13448,,0.0276
161,191,Directed,13449,,0.0245
93,161,Directed,13450,,0.0294
183,253,Directed,13451,,0.0516
118,159,Directed,13452,,0.0317
159,261,Directed,13453,,0.099
159,248,Directed,13454,,0.1898
150,159,Directed,13455,,0.0468
159,166,Directed,13456,,0.112
146,159,Directed,13457,,0.0466
147,159,Directed,13458,,0.045
159,258,Directed,13459,,0.161
112,159,Directed,13460,,0.0213
159,182,Directed,13461,,0.0398
67,159,Directed,13462,,0.0703
159,219,Directed,13463,,0.1685
159,299,Directed,13464,,0.1108
152,159,Directed,13465,,0.0144
159,293,Directed,13466,,0.1148
159,162,Directed,13467,,0.039
159,179,Directed,13468,,0.0317
159,301,Directed,13469,,0.1149
159,176,Directed,13470,,0.0128
123,159,Directed,13471,,0.03
159,167,Directed,13472,,0.0175
94,159,Directed,13473,,0.038
159,161,Directed,13474,,0.0068
307,311,Directed,13475,,0.0103
182,307,Directed,13476,,0.1246
301,307,Directed,13477,,0.0142
305,307,Directed,13478,,0.0092
95,118,Directed,13479,,0.0476
95,150,Directed,13480,,0.0335
95,146,Directed,13481,,0.0323
95,147,Directed,13482,,0.0317
95,112,Directed,13483,,0.0245
67,95,Directed,13484,,0.076
95,299,Directed,13485,,0.1392
95,152,Directed,13486,,0.0246
95,162,Directed,13487,,0.0343
95,230,Directed,13488,,0.0747
95,179,Directed,13489,,0.0399
95,174,Directed,13490,,0.0375
95,177,Directed,13491,,0.0387
95,221,Directed,13492,,0.0675
95,176,Directed,13493,,0.0479
95,131,Directed,13494,,0.0216
92,95,Directed,13495,,0.0135
91,95,Directed,13496,,0.0057
245,261,Directed,13497,,0.1093
201,245,Directed,13498,,0.0385
166,245,Directed,13499,,0.0869
245,258,Directed,13500,,0.0331
219,245,Directed,13501,,0.0243
47,245,Directed,13502,,0.1281
144,245,Directed,13503,,0.0708
245,263,Directed,13504,,0.0152
203,245,Directed,13505,,0.0353
65,245,Directed,13506,,0.1109
197,245,Directed,13507,,0.0389
245,246,Directed,13508,,0.0041
183,245,Directed,13509,,0.0461
213,245,Directed,13510,,0.0255
242,245,Directed,13511,,0.0078
118,276,Directed,13512,,0.1353
248,276,Directed,13513,,0.0645
201,276,Directed,13514,,0.0986
258,276,Directed,13515,,0.0327
219,276,Directed,13516,,0.0606
276,293,Directed,13517,,0.0588
263,276,Directed,13518,,0.0557
276,296,Directed,13519,,0.0601
276,297,Directed,13520,,0.0458
254,276,Directed,13521,,0.0292
275,276,Directed,13522,,0.0213
8,118,Directed,13523,,0.3655
8,248,Directed,13524,,0.3059
8,201,Directed,13525,,0.2654
8,112,Directed,13526,,0.3847
8,313,Directed,13527,,0.3829
8,67,Directed,13528,,0.3284
8,47,Directed,13529,,0.1926
8,144,Directed,13530,,0.2746
8,65,Directed,13531,,0.204
8,26,Directed,13532,,0.083
4,8,Directed,13533,,0.0365
8,13,Directed,13534,,0.0604
8,23,Directed,13535,,0.0478
3,8,Directed,13536,,0.0843
2,8,Directed,13537,,0.0866
5,8,Directed,13538,,0.0849
8,36,Directed,13539,,0.1093
8,16,Directed,13540,,0.0239
6,8,Directed,13541,,0.0683
8,35,Directed,13542,,0.0863
8,28,Directed,13543,,0.1099
8,30,Directed,13544,,0.0596
118,225,Directed,13545,,0.08
225,258,Directed,13546,,0.0757
182,225,Directed,13547,,0.0489
144,225,Directed,13548,,0.0895
216,225,Directed,13549,,0.0116
142,225,Directed,13550,,0.1062
169,201,Directed,13551,,0.0222
47,169,Directed,13552,,0.077
144,169,Directed,13553,,0.0416
169,263,Directed,13554,,0.0659
169,203,Directed,13555,,0.0232
169,183,Directed,13556,,0.012
142,216,Directed,13557,,0.1105
118,284,Directed,13558,,0.1142
284,311,Directed,13559,,0.0455
146,284,Directed,13560,,0.106
182,284,Directed,13561,,0.0904
284,299,Directed,13562,,0.0198
152,284,Directed,13563,,0.0958
162,284,Directed,13564,,0.0954
221,284,Directed,13565,,0.0535
284,306,Directed,13566,,0.0373
273,284,Directed,13567,,0.0158
284,286,Directed,13568,,0.028
284,300,Directed,13569,,0.0235
182,212,Directed,13570,,0.0743
152,212,Directed,13571,,0.04
162,212,Directed,13572,,0.0289
212,221,Directed,13573,,0.0164
131,212,Directed,13574,,0.0519
202,212,Directed,13575,,0.0082
229,274,Directed,13576,,0.0555
312,316,Directed,13577,,0.018
68,109,Directed,13578,,0.0259
68,147,Directed,13579,,0.0478
68,125,Directed,13580,,0.0323
68,80,Directed,13581,,0.0134
68,96,Directed,13582,,0.0223
91,92,Directed,13583,,0.008
125,221,Directed,13584,,0.0673
101,118,Directed,13585,,0.0722
101,255,Directed,13586,,0.1024
101,146,Directed,13587,,0.0189
101,112,Directed,13588,,0.0489
101,152,Directed,13589,,0.0392
101,162,Directed,13590,,0.0285
101,230,Directed,13591,,0.0807
101,179,Directed,13592,,0.0407
101,174,Directed,13593,,0.0372
101,221,Directed,13594,,0.0704
101,176,Directed,13595,,0.0657
95,101,Directed,13596,,0.0252
80,101,Directed,13597,,0.0198
101,129,Directed,13598,,0.012
327,329,Directed,13599,,0.0163
329,330,Directed,13600,,0.0784
328,329,Directed,13601,,0.007
118,256,Directed,13602,,0.0806
256,261,Directed,13603,,0.0528
182,256,Directed,13604,,0.0529
256,299,Directed,13605,,0.0563
152,256,Directed,13606,,0.0741
230,256,Directed,13607,,0.0335
176,256,Directed,13608,,0.0535
232,256,Directed,13609,,0.0218
256,296,Directed,13610,,0.0574
217,256,Directed,13611,,0.0245
256,292,Directed,13612,,0.0385
189,256,Directed,13613,,0.0444
240,256,Directed,13614,,0.0103
256,271,Directed,13615,,0.0208
256,267,Directed,13616,,0.0377
256,272,Directed,13617,,0.0122
182,189,Directed,13618,,0.0241
118,133,Directed,13619,,0.0412
133,258,Directed,13620,,0.1113
133,182,Directed,13621,,0.0373
133,152,Directed,13622,,0.0802
133,144,Directed,13623,,0.0821
133,140,Directed,13624,,0.0062
261,305,Directed,13625,,0.0905
305,311,Directed,13626,,0.0192
146,305,Directed,13627,,0.1353
182,305,Directed,13628,,0.1155
301,305,Directed,13629,,0.0055
248,318,Directed,13630,,0.2349
201,318,Directed,13631,,0.2421
316,318,Directed,13632,,0.0113
312,318,Directed,13633,,0.0272
182,239,Directed,13634,,0.0396
232,239,Directed,13635,,0.0118
216,239,Directed,13636,,0.0234
206,239,Directed,13637,,0.0247
202,204,Directed,13638,,0.0136
118,218,Directed,13639,,0.0693
146,218,Directed,13640,,0.0543
218,299,Directed,13641,,0.0735
152,218,Directed,13642,,0.042
162,218,Directed,13643,,0.0433
177,218,Directed,13644,,0.03
218,221,Directed,13645,,0.0062
204,218,Directed,13646,,0.0118
45,118,Directed,13647,,0.1602
45,201,Directed,13648,,0.0986
45,67,Directed,13649,,0.1266
45,47,Directed,13650,,0.0244
45,144,Directed,13651,,0.0712
45,65,Directed,13652,,0.0323
45,50,Directed,13653,,0.0187
45,46,Directed,13654,,0.0314
45,55,Directed,13655,,0.0299
45,58,Directed,13656,,0.0122
45,54,Directed,13657,,0.0086
118,128,Directed,13658,,0.0296
128,258,Directed,13659,,0.1214
128,182,Directed,13660,,0.0315
67,128,Directed,13661,,0.0321
128,152,Directed,13662,,0.0691
128,133,Directed,13663,,0.0116
128,142,Directed,13664,,0.1129
99,118,Directed,13665,,0.0149
67,99,Directed,13666,,0.0435
99,152,Directed,13667,,0.0354
99,167,Directed,13668,,0.0305
94,99,Directed,13669,,0.0121
201,251,Directed,13670,,0.0423
251,258,Directed,13671,,0.0314
197,251,Directed,13672,,0.0427
242,251,Directed,13673,,0.0104
118,260,Directed,13674,,0.0955
146,260,Directed,13675,,0.0815
147,260,Directed,13676,,0.0802
230,260,Directed,13677,,0.0226
179,260,Directed,13678,,0.0589
177,260,Directed,13679,,0.0592
221,260,Directed,13680,,0.0291
260,284,Directed,13681,,0.0245
260,273,Directed,13682,,0.0095
316,319,Directed,13683,,0.0133
318,319,Directed,13684,,0.0051
83,118,Directed,13685,,0.145
83,248,Directed,13686,,0.0927
83,201,Directed,13687,,0.0649
83,166,Directed,13688,,0.0681
47,83,Directed,13689,,0.0483
83,144,Directed,13690,,0.0343
65,83,Directed,13691,,0.0378
45,83,Directed,13692,,0.0393
59,83,Directed,13693,,0.0297
83,85,Directed,13694,,0.0211
58,83,Directed,13695,,0.0271
83,86,Directed,13696,,0.0098
83,104,Directed,13697,,0.0136
54,83,Directed,13698,,0.0307
83,97,Directed,13699,,0.0195
118,157,Directed,13700,,0.0592
152,157,Directed,13701,,0.0178
157,221,Directed,13702,,0.0426
141,157,Directed,13703,,0.0083
118,181,Directed,13704,,0.0907
181,261,Directed,13705,,0.0687
166,181,Directed,13706,,0.0094
181,258,Directed,13707,,0.0634
181,182,Directed,13708,,0.073
181,219,Directed,13709,,0.0593
144,181,Directed,13710,,0.0416
181,188,Directed,13711,,0.005
146,237,Directed,13712,,0.0704
162,237,Directed,13713,,0.0593
221,237,Directed,13714,,0.0197
118,198,Directed,13715,,0.0637
198,258,Directed,13716,,0.0845
182,198,Directed,13717,,0.0375
198,219,Directed,13718,,0.0915
152,198,Directed,13719,,0.0917
198,232,Directed,13720,,0.0453
172,198,Directed,13721,,0.0209
198,216,Directed,13722,,0.0159
198,206,Directed,13723,,0.021
142,198,Directed,13724,,0.0983
322,325,Directed,13725,,0.0061
118,143,Directed,13726,,0.0762
143,311,Directed,13727,,0.1479
143,299,Directed,13728,,0.1253
143,152,Directed,13729,,0.0364
143,162,Directed,13730,,0.014
143,221,Directed,13731,,0.0552
143,306,Directed,13732,,0.1394
92,143,Directed,13733,,0.0269
143,170,Directed,13734,,0.0148
118,249,Directed,13735,,0.0842
147,249,Directed,13736,,0.0736
162,249,Directed,13737,,0.0641
230,249,Directed,13738,,0.0122
221,249,Directed,13739,,0.0219
218,249,Directed,13740,,0.0215
249,260,Directed,13741,,0.0113
90,118,Directed,13742,,0.0133
90,182,Directed,13743,,0.0422
67,90,Directed,13744,,0.0258
90,152,Directed,13745,,0.0528
73,90,Directed,13746,,0.0115
293,308,Directed,13747,,0.0378
297,308,Directed,13748,,0.0319
273,322,Directed,13749,,0.1556
147,298,Directed,13750,,0.1155
298,299,Directed,13751,,0.0072
221,298,Directed,13752,,0.065
284,298,Directed,13753,,0.013
298,300,Directed,13754,,0.0105
327,332,Directed,13755,,0.0013
118,240,Directed,13756,,0.0703
177,240,Directed,13757,,0.0627
232,240,Directed,13758,,0.0169
261,303,Directed,13759,,0.049
293,303,Directed,13760,,0.0238
296,303,Directed,13761,,0.0212
213,248,Directed,13762,,0.0279
201,213,Directed,13763,,0.0157
144,213,Directed,13764,,0.0549
213,263,Directed,13765,,0.0407
197,213,Directed,13766,,0.0156
213,246,Directed,13767,,0.0282
213,253,Directed,13768,,0.0311
183,213,Directed,13769,,0.0208
169,213,Directed,13770,,0.026
199,213,Directed,13771,,0.0103
205,213,Directed,13772,,0.0064
200,213,Directed,13773,,0.0093
287,301,Directed,13774,,0.025
118,229,Directed,13775,,0.0955
229,261,Directed,13776,,0.0325
229,262,Directed,13777,,0.0335
229,254,Directed,13778,,0.0148
142,229,Directed,13779,,0.0895
201,250,Directed,13780,,0.047
182,250,Directed,13781,,0.1413
144,250,Directed,13782,,0.0704
203,250,Directed,13783,,0.0436
250,274,Directed,13784,,0.0327
261,283,Directed,13785,,0.0375
283,293,Directed,13786,,0.022
232,283,Directed,13787,,0.0435
271,283,Directed,13788,,0.0177
281,283,Directed,13789,,0.0149
267,283,Directed,13790,,0.0228
286,301,Directed,13791,,0.0337
118,149,Directed,13792,,0.0648
149,255,Directed,13793,,0.0811
112,149,Directed,13794,,0.043
149,152,Directed,13795,,0.0244
149,230,Directed,13796,,0.059
149,221,Directed,13797,,0.0487
149,157,Directed,13798,,0.008
72,118,Directed,13799,,0.0788
72,146,Directed,13800,,0.0355
72,147,Directed,13801,,0.0365
72,152,Directed,13802,,0.0523
72,162,Directed,13803,,0.0452
72,177,Directed,13804,,0.0572
72,96,Directed,13805,,0.0171
271,281,Directed,13806,,0.018
267,271,Directed,13807,,0.0191
118,120,Directed,13808,,0.0194
120,166,Directed,13809,,0.07
120,258,Directed,13810,,0.1312
120,182,Directed,13811,,0.0307
67,120,Directed,13812,,0.0297
120,130,Directed,13813,,0.0073
106,120,Directed,13814,,0.0243
118,192,Directed,13815,,0.0412
182,192,Directed,13816,,0.0301
152,192,Directed,13817,,0.0323
189,192,Directed,13818,,0.0059
192,222,Directed,13819,,0.0215
192,204,Directed,13820,,0.0246
126,182,Directed,13821,,0.0349
281,286,Directed,13822,,0.0058
266,281,Directed,13823,,0.0261
105,182,Directed,13824,,0.0512
105,123,Directed,13825,,0.0248
105,167,Directed,13826,,0.0306
96,118,Directed,13827,,0.0844
96,152,Directed,13828,,0.0505
96,162,Directed,13829,,0.0351
109,170,Directed,13830,,0.0332
112,170,Directed,13831,,0.0519
152,170,Directed,13832,,0.0305
131,170,Directed,13833,,0.0415
125,170,Directed,13834,,0.027
300,301,Directed,13835,,0.0097
221,300,Directed,13836,,0.0749
300,307,Directed,13837,,0.016
118,136,Directed,13838,,0.0728
67,136,Directed,13839,,0.1058
136,152,Directed,13840,,0.0337
134,136,Directed,13841,,0.0046
118,139,Directed,13842,,0.0344
139,162,Directed,13843,,0.0331
139,230,Directed,13844,,0.0546
139,177,Directed,13845,,0.0277
139,167,Directed,13846,,0.0272
139,161,Directed,13847,,0.0171
137,139,Directed,13848,,0.0191
135,139,Directed,13849,,0.005
118,137,Directed,13850,,0.0168
137,152,Directed,13851,,0.0257
126,137,Directed,13852,,0.0089
127,137,Directed,13853,,0.0092
267,281,Directed,13854,,0.033
118,130,Directed,13855,,0.0142
130,258,Directed,13856,,0.1336
130,182,Directed,13857,,0.0258
130,148,Directed,13858,,0.0086
201,242,Directed,13859,,0.0331
224,242,Directed,13860,,0.0104
26,47,Directed,13861,,0.1216
26,33,Directed,13862,,0.0322
26,29,Directed,13863,,0.0131
26,31,Directed,13864,,0.017
22,26,Directed,13865,,0.0281
230,234,Directed,13866,,0.0217
4,47,Directed,13867,,0.2109
4,26,Directed,13868,,0.0915
2,4,Directed,13869,,0.0515
1,4,Directed,13870,,0.0767
75,201,Directed,13871,,0.0622
47,75,Directed,13872,,0.032
65,75,Directed,13873,,0.0143
75,108,Directed,13874,,0.0168
74,75,Directed,13875,,0.0106
75,151,Directed,13876,,0.0348
75,116,Directed,13877,,0.0202
75,87,Directed,13878,,0.0085
71,118,Directed,13879,,0.024
67,71,Directed,13880,,0.0262
71,90,Directed,13881,,0.0143
57,71,Directed,13882,,0.0197
71,77,Directed,13883,,0.0053
62,166,Directed,13884,,0.0605
62,67,Directed,13885,,0.0786
62,144,Directed,13886,,0.0511
45,62,Directed,13887,,0.049
50,62,Directed,13888,,0.0302
62,63,Directed,13889,,0.0133
46,62,Directed,13890,,0.0215
40,62,Directed,13891,,0.0377
55,62,Directed,13892,,0.0191
61,62,Directed,13893,,0.0201
150,325,Directed,13894,,0.2238
311,325,Directed,13895,,0.1105
147,325,Directed,13896,,0.2247
299,325,Directed,13897,,0.1326
221,325,Directed,13898,,0.1877
273,325,Directed,13899,,0.1612
100,118,Directed,13900,,0.0186
100,152,Directed,13901,,0.0312
100,137,Directed,13902,,0.0175
223,230,Directed,13903,,0.0084
152,252,Directed,13904,,0.0654
162,252,Directed,13905,,0.0621
221,252,Directed,13906,,0.021
111,118,Directed,13907,,0.0123
111,112,Directed,13908,,0.0112
67,111,Directed,13909,,0.0465
111,152,Directed,13910,,0.0318
111,161,Directed,13911,,0.0233
71,111,Directed,13912,,0.0252
100,111,Directed,13913,,0.0071
132,152,Directed,13914,,0.0243
132,230,Directed,13915,,0.0643
132,174,Directed,13916,,0.0212
118,140,Directed,13917,,0.0464
140,182,Directed,13918,,0.0382
82,140,Directed,13919,,0.0261
106,140,Directed,13920,,0.015
201,214,Directed,13921,,0.0103
82,118,Directed,13922,,0.0475
82,182,Directed,13923,,0.0564
67,82,Directed,13924,,0.0219
82,144,Directed,13925,,0.0821
82,130,Directed,13926,,0.0376
76,82,Directed,13927,,0.0325
152,186,Directed,13928,,0.0214
186,192,Directed,13929,,0.0156
84,118,Directed,13930,,0.0245
118,191,Directed,13931,,0.0376
182,191,Directed,13932,,0.0159
152,191,Directed,13933,,0.0439
167,191,Directed,13934,,0.0172
255,259,Directed,13935,,0.0128
230,259,Directed,13936,,0.0184
249,259,Directed,13937,,0.007
259,273,Directed,13938,,0.0125
182,206,Directed,13939,,0.0211
148,182,Directed,13940,,0.0186
118,173,Directed,13941,,0.1001
173,261,Directed,13942,,0.0786
173,248,Directed,13943,,0.0774
166,173,Directed,13944,,0.0114
51,118,Directed,13945,,0.0655
51,67,Directed,13946,,0.0267
51,82,Directed,13947,,0.0319
272,283,Directed,13948,,0.0295
266,272,Directed,13949,,0.0289
218,235,Directed,13950,,0.0118
118,158,Directed,13951,,0.0186
158,182,Directed,13952,,0.0162
152,158,Directed,13953,,0.0412
158,161,Directed,13954,,0.0207
148,158,Directed,13955,,0.0094
158,171,Directed,13956,,0.0074
113,152,Directed,13957,,0.0271
113,174,Directed,13958,,0.0292
73,118,Directed,13959,,0.022
73,94,Directed,13960,,0.0129
71,73,Directed,13961,,0.003
69,73,Directed,13962,,0.0077
73,77,Directed,13963,,0.0026
162,243,Directed,13964,,0.0552
221,243,Directed,13965,,0.0159
117,152,Directed,13966,,0.0152
76,144,Directed,13967,,0.0551
47,59,Directed,13968,,0.0197
59,144,Directed,13969,,0.0638
45,59,Directed,13970,,0.0152
54,59,Directed,13971,,0.0113
93,118,Directed,13972,,0.0232
93,152,Directed,13973,,0.0297
93,100,Directed,13974,,0.0047
108,201,Directed,13975,,0.0455
65,108,Directed,13976,,0.0307
78,79,Directed,13977,,0.0063
110,152,Directed,13978,,0.0458
110,162,Directed,13979,,0.0286
152,210,Directed,13980,,0.0373
81,118,Directed,13981,,0.1173
81,144,Directed,13982,,0.0277
81,85,Directed,13983,,0.0069
50,67,Directed,13984,,0.1082
50,144,Directed,13985,,0.0596
224,261,Directed,13986,,0.1148
201,224,Directed,13987,,0.0268
183,224,Directed,13988,,0.0338
182,220,Directed,13989,,0.0327
190,230,Directed,13990,,0.0307
177,190,Directed,13991,,0.0092
190,202,Directed,13992,,0.0083
53,166,Directed,13993,,0.0701
53,67,Directed,13994,,0.0424
53,144,Directed,13995,,0.0809
53,82,Directed,13996,,0.0367
41,53,Directed,13997,,0.0145
63,166,Directed,13998,,0.0656
63,67,Directed,13999,,0.0918
63,144,Directed,14000,,0.0479
45,63,Directed,14001,,0.037
50,63,Directed,14002,,0.0185
46,63,Directed,14003,,0.0163
55,63,Directed,14004,,0.0089
33,47,Directed,14005,,0.0895
29,33,Directed,14006,,0.0247
32,33,Directed,14007,,0.0113
52,67,Directed,14008,,0.0194
69,118,Directed,14009,,0.0283
69,71,Directed,14010,,0.0084
57,69,Directed,14011,,0.0198
85,261,Directed,14012,,0.1272
85,144,Directed,14013,,0.0261
85,97,Directed,14014,,0.0064
163,182,Directed,14015,,0.011
261,294,Directed,14016,,0.032
46,67,Directed,14017,,0.0958
46,144,Directed,14018,,0.0641
46,50,Directed,14019,,0.0149
46,55,Directed,14020,,0.009
115,152,Directed,14021,,0.0233
103,115,Directed,14022,,0.0038
106,118,Directed,14023,,0.0434
82,106,Directed,14024,,0.0113
103,152,Directed,14025,,0.0271
39,47,Directed,14026,,0.013
39,65,Directed,14027,,0.0306
39,142,Directed,14028,,0.0835
6,13,Directed,14029,,0.0143
7,13,Directed,14030,,0.014
13,21,Directed,14031,,0.0098
13,18,Directed,14032,,0.0055
13,17,Directed,14033,,0.006
12,13,Directed,14034,,0.002
13,20,Directed,14035,,0.0112
13,19,Directed,14036,,0.0095
10,13,Directed,14037,,0.0023
9,13,Directed,14038,,0.0053
13,14,Directed,14039,,0.0009
13,15,Directed,14040,,0.0011
266,286,Directed,14041,,0.0315
266,271,Directed,14042,,0.0102
266,267,Directed,14043,,0.0091
182,226,Directed,14044,,0.0385
220,226,Directed,14045,,0.0064
79,118,Directed,14046,,0.025
67,79,Directed,14047,,0.0138
208,258,Directed,14048,,0.0416
152,187,Directed,14049,,0.0235
44,67,Directed,14050,,0.0356
41,67,Directed,14051,,0.0522
201,228,Directed,14052,,0.0244
228,236,Directed,14053,,0.0033
261,282,Directed,14054,,0.0223
47,142,Directed,14055,,0.0714
142,144,Directed,14056,,0.0194
65,142,Directed,14057,,0.0572
45,142,Directed,14058,,0.0655
76,142,Directed,14059,,0.0717
121,142,Directed,14060,,0.0629
321,323,Directed,14061,,0.0061
98,144,Directed,14062,,0.0347
76,98,Directed,14063,,0.0204
8,27,Directed,14064,,0.0351
56,59,Directed,14065,,0.0078
40,144,Directed,14066,,0.0728
40,45,Directed,14067,,0.018
40,50,Directed,14068,,0.0133
40,46,Directed,14069,,0.0167
40,55,Directed,14070,,0.02
74,201,Directed,14071,,0.0637
42,47,Directed,14072,,0.0089
138,201,Directed,14073,,0.0333
138,183,Directed,14074,,0.0253
124,138,Directed,14075,,0.0076
151,201,Directed,14076,,0.0276
65,151,Directed,14077,,0.0485
66,151,Directed,14078,,0.0422
261,268,Directed,14079,,0.0143
118,154,Directed,14080,,0.0152
154,182,Directed,14081,,0.018
154,164,Directed,14082,,0.0062
154,171,Directed,14083,,0.0128
193,201,Directed,14084,,0.0063
102,118,Directed,14085,,0.0236
102,182,Directed,14086,,0.0378
102,120,Directed,14087,,0.0073
102,107,Directed,14088,,0.0087
316,317,Directed,14089,,0.0028
314,317,Directed,14090,,0.0036
88,118,Directed,14091,,0.0142
29,47,Directed,14092,,0.1134
55,144,Directed,14093,,0.0556
50,55,Directed,14094,,0.0112
184,293,Directed,14095,,0.1008
231,258,Directed,14096,,0.0164
118,153,Directed,14097,,0.0994
153,248,Directed,14098,,0.0845
67,153,Directed,14099,,0.0829
153,293,Directed,14100,,0.1171
153,203,Directed,14101,,0.0806
3,5,Directed,14102,,0.0269
118,164,Directed,14103,,0.0211
164,182,Directed,14104,,0.0128
8,24,Directed,14105,,0.0414
23,24,Directed,14106,,0.01
118,134,Directed,14107,,0.0768
261,277,Directed,14108,,0.0122
47,58,Directed,14109,,0.0288
58,65,Directed,14110,,0.0294
58,59,Directed,14111,,0.0107
56,58,Directed,14112,,0.018
54,58,Directed,14113,,0.0036
180,182,Directed,14114,,0.0095
269,270,Directed,14115,,0.0035
57,118,Directed,14116,,0.0435
57,70,Directed,14117,,0.0199
47,54,Directed,14118,,0.0273
107,118,Directed,14119,,0.0149
47,48,Directed,14120,,0.0107
48,65,Directed,14121,,0.0212
48,49,Directed,14122,,0.0048
327,330,Directed,14123,,0.0935
45,61,Directed,14124,,0.0302
50,61,Directed,14125,,0.0123
61,63,Directed,14126,,0.007
40,61,Directed,14127,,0.0242
55,61,Directed,14128,,0.0067
182,211,Directed,14129,,0.0181
182,209,Directed,14130,,0.0261
206,209,Directed,14131,,0.0058
327,328,Directed,14132,,0.0093
97,104,Directed,14133,,0.0105
118,155,Directed,14134,,0.0157
1,8,Directed,14135,,0.1026
1,2,Directed,14136,,0.0436
199,201,Directed,14137,,0.0072
122,163,Directed,14138,,0.022
16,22,Directed,14139,,0.0311
118,145,Directed,14140,,0.02
145,182,Directed,14141,,0.0198
130,145,Directed,14142,,0.0071
145,148,Directed,14143,,0.0074
65,116,Directed,14144,,0.0331
108,116,Directed,14145,,0.0062
74,116,Directed,14146,,0.0203
116,151,Directed,14147,,0.0159
66,116,Directed,14148,,0.0271
47,60,Directed,14149,,0.0242
60,65,Directed,14150,,0.0225
59,60,Directed,14151,,0.0046
56,60,Directed,14152,,0.0124
58,60,Directed,14153,,0.0069
54,60,Directed,14154,,0.0087
60,64,Directed,14155,,0.0048
49,60,Directed,14156,,0.0119
29,31,Directed,14157,,0.0125
31,32,Directed,14158,,0.0043
321,324,Directed,14159,,0.005
65,87,Directed,14160,,0.0223
66,87,Directed,14161,,0.0156
194,221,Directed,14162,,0.0207
165,201,Directed,14163,,0.021
130,160,Directed,14164,,0.0148
182,195,Directed,14165,,0.0118
155,171,Directed,14166,,0.0094
6,7,Directed,14167,,0.0197
7,8,Directed,14168,,0.0488
8,38,Directed,14169,,0.1622
36,38,Directed,14170,,0.0549
37,38,Directed,14171,,0.0478
25,26,Directed,14172,,0.0057
35,36,Directed,14173,,0.0232
28,35,Directed,14174,,0.0425
150,320,Directed,14175,,0.2143
311,320,Directed,14176,,0.0968
147,320,Directed,14177,,0.2151
320,324,Directed,14178,,0.0054
182,207,Directed,14179,,0.0151
195,207,Directed,14180,,0.0058
64,65,Directed,14181,,0.0191
59,64,Directed,14182,,0.0057
118,168,Directed,14183,,0.0993
168,258,Directed,14184,,0.0647
144,168,Directed,14185,,0.028
201,205,Directed,14186,,0.0099
47,49,Directed,14187,,0.0154
49,56,Directed,14188,,0.0087
8,37,Directed,14189,,0.1999
8,34,Directed,14190,,0.0774
124,201,Directed,14191,,0.0408
17,19,Directed,14192,,0.0038
17,20,Directed,14193,,0.0053
19,20,Directed,14194,,0.0018
30,34,Directed,14195,,0.0184
10,12,Directed,14196,,0.001
9,10,Directed,14197,,0.003
9,12,Directed,14198,,0.0037
11,13,Directed,14199,,0.0033
10,11,Directed,14200,,0.0011
9,11,Directed,14201,,0.0022
315,316,Directed,14202,,0.0013
315,317,Directed,14203,,0.0022
